제품명,카테고리ID
NICI 니키 러브유 하트 도그 25cm...,C10100020002
월드넘버원 파자마 부 강아지인형-4037...,C10100020002
[d]와일드크로 쿠션인형-특대형(102c...,C10100020002
[d]신체크후드 테디베어-남자곰(중형-브...,C10100020002
[d]롱테디베어-남자곰,C10100020002
[d]체크테디베어 화이트-여자곰(소형),C10100020002
[d]원피스테디베어(왕)-남자,C10100020002
[d]원피스테디베어(중형)-여자,C10100020002
[d]웨딩테디베어-여자곰(중형),C10100020002
[d]체크테디베어 화이트- 남자곰(중형),C10100020002
[d]영아트반달곰-점보(150cm)[옵션...,C10100020002
[d]신 롱테디베어 남자곰 브라운-소형(...,C10100020002
[d]신 롱테디베어 여자곰 핑크-중형(4...,C10100020002
[d]대관령 양떼인형-화이트(대형),C10100020002
[d]대관령 양떼인형-화이트(중형),C10100020002
나라 컬렉션펫 봉제인형 ver.2 - 플...,C10100020002
베스트에버 땡큐베어-[색상선택],C10100020002
아페페 봉제인형-대형(48cm),C10100020002
[d]리얼에니멀 친구들 인형-얼룩말,C10100020002
[d]둥이둥이쿠션 핑크토끼-소형(45cm...,C10100020002
[d]둥이둥이쿠션 블루곰-중형(65cm),C10100020002
아망스 돌고래 인형-핑크 (특왕120cm...,C10100020002
아망스 돌고래 인형-블루 (특왕120cm...,C10100020002
[멜리사앤더그] 보더콜리 인형,C10100020002
꼬닭 가방고리-10cm(색상선택)/닭인형...,C10100020002
[멜리사앤더그]흔들 목마 인형,C10100020002
[NICI]니키 위블리 레드후드 20cm...,C10100020002
[NICI]니키 버터플라이 롬시 NICI...,C10100020002
[멜리사앤더그] 자이언트 T-rex 인형,C10100020002
[멜리사앤더그] 닥스훈트인형,C10100020002
베이비펫 비밀토끼 츄츄,C10100020002
"베이비펫 아기병아리 (파티,데이지)",C10100020002
베이비펫 쌍둥이 햄찌,C10100020002
퍼리얼 요크셔의 애견샵,C10100020002
로봇피쉬 인어공주 어항세트,C10100020002
퍼비붐/퍼비2.0/말하는 인형/한국어/영...,C10100020002
발레리나프렌즈 (5257),C10100020002
마이리틀포니 가디언즈 컬랙션,C10100020002
마이리틀포니 베이직 프렌즈,C10100020002
콩지래빗 욕실,C10100020002
바비 스타일체인지,C10100020002
하프)밍크와이글루집,C10100020002
실바니안 아기고양이요람(5198),C10100020002
실바니안 페르시안고양이쌍둥이(5219),C10100020002
실바니안패밀리 실바니안 치와와가족(438...,C10100020002
실바니안패밀리 실바니안 쵸콜릿토끼쌍둥이&...,C10100020002
실바니안패밀리 실바니안 유치원2층버스(5...,C10100020002
실바니안패밀리 실바니안 드럼세탁기세트 (...,C10100020002
28880 고양이가구세트,C10100020002
실바니안 알록달록신발가게(4862),C10100020002
핑거링스 핑크글리터 로즈,C10100020002
믹시큐즈 싱글 2입,C10100020002
베렝 리틀큐티스 플레이타임,C10100020002
베렝구어 미니라베이비,C10100020002
맘스드림 아기양 무무,C10100020002
개새 봉제인형 (시베리안허새),C10100020002
베이비펫 따라쟁이 공주앵무,C10100020002
와인드업 트럭,C10100020002
체리 블링블링 네일&타투,C10100020002
영실업 페어리요정릴리,C10100020002
[Clearance] 바비 패셔니스타,C10100020002
디즈니 컬렉션 겨울왕국 엘사,C10100020002
바비 드림토피아 프린세스,C10100020002
워터포니 베이비 프렌즈,C10100020002
바비 실내가구,C10100020002
바비 뉴 구체관절,C10100020002
영실업 시크릿요정릴리,C10100020002
라푼젤과 막시무스 (2팩),C10100020002
바비 구체관절 커리어,C10100020002
영실업 패셔니스타아이린,C10100020002
디즈니 라푼젤의스타일링타워,C10100020002
체리 패션걸체리,C10100020002
디즈니 엘레나 토틀러돌,C10100020002
디즈니 프린세스 베이비신데렐라,C10100020002
시바주쿠걸즈 구체관절 요코 웨이브3(68...,C10100020002
랄라룹시 슈가쿠키 닉 에디션,C10100020002
믹시큐즈 베이직 플레이세트,C10100020002
믹시큐즈 싱글 4일,C10100020002
영실업 쥬쥬 리본토끼토리,C10100020002
소프트음식A형,C10100020002
[오지돌스](세트상품) 신발9종풀세트(박...,C10100020002
[오지돌스](세트상품) 미니큐티돌스6종풀...,C10100020002
[오지돌스] 욕조세트,C10100020002
[오지돌스] 로우보트세트,C10100020002
[오지돌스] 피크닉테이블세트,C10100020002
[오지돌스] 정원관리세트,C10100020002
[오지돌스] 오지돌스나들이세트,C10100020002
[오지돌스] 여행가방세트,C10100020002
[오지돌스] 푸들스커트세트,C10100020002
[오지돌스] 축구의상세트,C10100020002
